id,first_name,last_name,email,gender,ip_address
1,Trixi,Vignal,tvignal0@is.gd,Female,45.108.120.246
2,Isidor,Riach,iriach1@nhs.uk,Male,185.50.81.179
3,Arlin,Shuttle,ashuttle2@samsung.com,Male,37.223.64.95
4,Burty,Toomer,btoomer3@nytimes.com,Male,172.250.132.180
5,Gamaliel,Tremmil,gtremmil4@ifeng.com,Male,44.164.179.58
6,Torrance,Akerman,takerman5@phoca.cz,Male,26.249.119.17
7,Isacco,Farrier,ifarrier6@paginegialle.it,Male,68.149.198.19
8,Wye,Wilsher,wwilsher7@stumbleupon.com,Male,233.105.165.186
9,Jermaine,Manby,jmanby8@dot.gov,Female,85.196.169.227
10,Heriberto,Bather,hbather9@g.co,Male,215.14.50.14
11,Dmitri,Betty,dbettya@ocn.ne.jp,Male,65.98.87.78
12,Theressa,Egar,tegarb@wp.com,Female,207.248.176.143
13,Van,Scranny,vscrannyc@typepad.com,Male,92.162.85.33
14,Ulick,Fardell,ufardelld@goo.gl,Male,71.45.108.180
15,Tristan,Ciccotti,tciccottie@netvibes.com,Male,43.27.209.206
16,Beitris,Walbrook,bwalbrookf@cdbaby.com,Female,17.198.233.239
17,Agosto,Duligall,aduligallg@sciencedirect.com,Male,184.114.49.16
18,Jeromy,Bellany,jbellanyh@1und1.de,Male,26.20.133.185
19,Tabb,Slatford,tslatfordi@fotki.com,Male,44.106.76.137
20,Philippa,Reggler,pregglerj@stumbleupon.com,Female,5.253.170.48
21,Hermy,Baulch,hbaulchk@storify.com,Male,181.79.140.151
22,Cass,Gayden,cgaydenl@hatena.ne.jp,Male,178.236.188.113
23,Binky,Kimbrey,bkimbreym@opera.com,Male,154.51.248.73
24,Karalee,Seeviour,kseeviourn@nasa.gov,Female,214.166.190.1
25,Garek,Olorenshaw,golorenshawo@nytimes.com,Male,252.53.180.199
26,Gabriel,Lortz,glortzp@studiopress.com,Female,15.112.223.179
27,Donnie,Yeld,dyeldq@unc.edu,Male,146.224.52.124
28,Guglielmo,Kavanagh,gkavanaghr@dmoz.org,Male,101.64.231.232
29,Herrick,Verrill,hverrills@ebay.com,Male,225.236.58.175
30,Josee,Eberdt,jeberdtt@purevolume.com,Female,149.128.68.30
31,Hamil,Fanton,hfantonu@seattletimes.com,Male,88.102.183.102
32,Vida,Pevsner,vpevsnerv@technorati.com,Female,191.17.11.248
33,Broddy,Gartland,bgartlandw@wired.com,Male,213.227.95.154
34,Putnam,Doggrell,pdoggrellx@i2i.jp,Male,74.110.65.5
35,Read,Dorian,rdoriany@prnewswire.com,Male,34.44.91.54
36,Titos,Farland,tfarlandz@imageshack.us,Male,42.216.102.175
37,Trix,Elliker,telliker10@smugmug.com,Female,218.246.190.79
38,Rhett,Garvagh,rgarvagh11@geocities.jp,Male,55.188.228.230
39,Gerianne,Aulton,gaulton12@qq.com,Female,105.234.176.237
40,Laurie,Kinkaid,lkinkaid13@whitehouse.gov,Male,106.210.116.19
41,Karole,Gladeche,kgladeche14@moonfruit.com,Female,165.146.52.212
42,Marten,Worsell,mworsell15@rakuten.co.jp,Male,17.3.243.36
43,Dallis,Yosifov,dyosifov16@prweb.com,Male,163.114.222.138
44,Aviva,Johnikin,ajohnikin17@godaddy.com,Female,194.136.166.55
45,Perry,Fuxman,pfuxman18@cnbc.com,Male,249.233.105.231
46,Leroy,Brouncker,lbrouncker19@about.me,Male,170.46.204.253
47,Aileen,Van Velden,avanvelden1a@wikispaces.com,Female,166.187.168.137
48,Anderson,Munby,amunby1b@lulu.com,Male,208.49.239.113
49,Aurelea,Keys,akeys1c@weather.com,Female,212.46.235.253
50,Sloane,Le Fevre,slefevre1d@rakuten.co.jp,Male,232.119.222.144
51,Darby,Lattimer,dlattimer1e@google.pl,Female,82.70.189.251
52,Tabby,Hoston,thoston1f@indiegogo.com,Male,160.239.35.93
53,Vinnie,Pine,vpine1g@xing.com,Female,231.198.70.82
54,Greggory,Hebblewhite,ghebblewhite1h@paginegialle.it,Male,38.95.86.52
55,Ingrid,Greest,igreest1i@youku.com,Female,139.32.80.242
56,Freida,Bourhill,fbourhill1j@smh.com.au,Female,241.92.219.212
57,Gordan,Strowthers,gstrowthers1k@squarespace.com,Male,252.228.31.184
58,Ezri,Fulbrook,efulbrook1l@ihg.com,Male,134.34.60.216
59,Laraine,Rojahn,lrojahn1m@163.com,Female,171.42.208.222
60,Nerissa,Odde,nodde1n@va.gov,Female,133.129.197.70
61,Ardyce,Tett,atett1o@go.com,Female,225.28.164.93
62,Viola,Rudiger,vrudiger1p@bloomberg.com,Female,16.56.212.26
63,Dee,Kellen,dkellen1q@businesswire.com,Female,143.149.98.105
64,Yancey,Mouland,ymouland1r@who.int,Male,47.89.118.44
65,Iorgos,Fidilis,ifidilis1s@yahoo.com,Male,207.8.227.177
66,Bartlett,Pretor,bpretor1t@mac.com,Male,47.49.225.14
67,Anderea,Longthorn,alongthorn1u@forbes.com,Female,48.183.180.154
68,Eloisa,Frederick,efrederick1v@nationalgeographic.com,Female,207.89.105.34
69,Marijn,Burdon,mburdon1w@narod.ru,Male,8.98.230.101
70,Vickie,Davenhill,vdavenhill1x@hibu.com,Female,245.1.227.142
71,Ediva,Garry,egarry1y@stanford.edu,Female,212.138.102.167
72,Cornelius,Rowlin,crowlin1z@cdc.gov,Male,218.37.102.160
73,Hedvig,Beadles,hbeadles20@senate.gov,Female,189.201.236.146
74,Birgit,Whytock,bwhytock21@aol.com,Female,216.159.48.145
75,Burt,Hubbart,bhubbart22@google.com.br,Male,3.253.21.35
76,Lanie,Tunnock,ltunnock23@cdbaby.com,Female,230.197.83.144
77,Denni,Bransden,dbransden24@quantcast.com,Female,222.97.31.73
78,Dore,Castro,dcastro25@ustream.tv,Male,124.73.141.253
79,Marys,Di Napoli,mdinapoli26@i2i.jp,Female,244.91.15.208
80,Culver,Fuzzey,cfuzzey27@patch.com,Male,71.218.170.18
81,Cal,Tregaskis,ctregaskis28@chicagotribune.com,Male,78.187.4.10
82,Bertrand,Cawse,bcawse29@webeden.co.uk,Male,225.42.222.138
83,Rafi,Revie,rrevie2a@posterous.com,Male,126.159.3.133
84,Yulma,Klaaasen,yklaaasen2b@dyndns.org,Male,93.223.143.107
85,Martguerita,Dionisi,mdionisi2c@last.fm,Female,4.91.187.165
86,Port,Yuryichev,pyuryichev2d@google.it,Male,185.97.180.64
87,Amelia,Peppard,apeppard2e@mozilla.org,Female,201.9.13.91
88,Tiffanie,Tessington,ttessington2f@phoca.cz,Female,212.123.59.129
89,Christopher,Bangs,cbangs2g@soup.io,Male,184.137.95.75
90,Georgina,Trusler,gtrusler2h@trellian.com,Female,186.248.205.104
91,Mariann,Deamer,mdeamer2i@yale.edu,Female,52.200.27.80
92,Frederich,Chesman,fchesman2j@fema.gov,Male,199.171.86.156
93,Denver,Enoch,denoch2k@a8.net,Male,81.215.178.26
94,Kristos,Nabarro,knabarro2l@github.com,Male,101.251.61.89
95,Ringo,Trippitt,rtrippitt2m@ow.ly,Male,132.94.214.100
96,Nobe,Birkin,nbirkin2n@symantec.com,Male,222.44.43.161
97,Shane,Hylton,shylton2o@joomla.org,Male,189.206.97.222
98,Salli,Aizikovitch,saizikovitch2p@blog.com,Female,132.55.70.112
99,Julieta,Born,jborn2q@cocolog-nifty.com,Female,151.70.208.229
100,Micheline,Heyfield,mheyfield2r@about.me,Female,60.188.66.49
101,Shermie,Burnip,sburnip2s@reference.com,Male,235.208.46.54
102,Katya,Godilington,kgodilington2t@php.net,Female,160.41.255.150
103,Toiboid,Metham,tmetham2u@dagondesign.com,Male,167.71.155.205
104,Faith,D'eathe,fdeathe2v@amazonaws.com,Female,244.118.20.199
105,Deane,Ivan,divan2w@discovery.com,Female,3.219.227.101
106,Aharon,MacKintosh,amackintosh2x@telegraph.co.uk,Male,67.41.252.60
107,Miner,Chaundy,mchaundy2y@loc.gov,Male,237.95.73.7
108,Arlan,O'Kane,aokane2z@boston.com,Male,146.193.67.205
109,Faunie,Pond,fpond30@1und1.de,Female,19.31.157.184
110,Edvard,Beecker,ebeecker31@storify.com,Male,161.86.81.83
111,Berna,Greber,bgreber32@admin.ch,Female,195.236.153.15
112,Herve,Kupker,hkupker33@rakuten.co.jp,Male,83.46.123.12
113,Siegfried,Earsman,searsman34@zdnet.com,Male,117.83.250.234
114,Anson,Joslin,ajoslin35@examiner.com,Male,55.209.93.232
115,Reggy,Butte,rbutte36@linkedin.com,Male,48.180.60.180
116,Alistair,Penrose,apenrose37@bbb.org,Male,105.7.181.84
117,Sacha,Foro,sforo38@posterous.com,Female,185.110.135.52
118,Darryl,Gervaise,dgervaise39@theguardian.com,Female,142.157.17.113
119,Darcee,Kornyshev,dkornyshev3a@bbb.org,Female,197.238.177.245
120,Lisabeth,Poulsen,lpoulsen3b@mayoclinic.com,Female,152.99.143.175
121,Ignatius,Yetton,iyetton3c@usgs.gov,Male,145.27.75.47
122,Dreddy,Bramham,dbramham3d@taobao.com,Female,72.232.144.120
123,Nisse,Lockart,nlockart3e@wired.com,Female,38.205.158.72
124,Emlen,Heijne,eheijne3f@engadget.com,Male,180.222.207.112
125,Lita,Orrill,lorrill3g@mashable.com,Female,5.175.111.13
126,Catha,Larcier,clarcier3h@discovery.com,Female,211.210.169.1
127,Welbie,Niles,wniles3i@multiply.com,Male,223.144.26.173
128,Lorelle,Shalliker,lshalliker3j@amazonaws.com,Female,204.144.251.122
129,Filberte,Keems,fkeems3k@house.gov,Male,199.225.242.49
130,Huntington,Whate,hwhate3l@hud.gov,Male,62.100.84.150
131,Hally,Hulme,hhulme3m@usa.gov,Female,43.76.183.45
132,Farrand,Swinden,fswinden3n@wordpress.com,Female,194.161.79.235
133,Isabel,Haswell,ihaswell3o@examiner.com,Female,103.246.117.9
134,Horten,Hobbert,hhobbert3p@ox.ac.uk,Male,70.225.75.206
135,Ambros,MacShirrie,amacshirrie3q@bloomberg.com,Male,146.200.204.54
136,Tillie,Bredgeland,tbredgeland3r@loc.gov,Female,149.184.41.59
137,Helen,Bracknell,hbracknell3s@nationalgeographic.com,Female,4.4.67.71
138,Cordi,Dampney,cdampney3t@chicagotribune.com,Female,10.96.103.234
139,Goldie,Jervis,gjervis3u@miibeian.gov.cn,Female,132.226.34.15
140,Zorana,Livett,zlivett3v@blinklist.com,Female,47.207.126.136
141,Freddy,Kits,fkits3w@sohu.com,Male,115.220.216.231
142,Codee,Calcutt,ccalcutt3x@independent.co.uk,Female,44.213.237.115
143,Ophelie,Revens,orevens3y@clickbank.net,Female,118.202.29.10
144,Rudyard,Heathorn,rheathorn3z@nyu.edu,Male,70.193.87.25
145,Nessi,Elfitt,nelfitt40@bbb.org,Female,40.159.113.1
146,Ervin,Pumphreys,epumphreys41@google.it,Male,59.112.145.237
147,Rabbi,Pibworth,rpibworth42@usa.gov,Male,194.129.141.60
148,Yancy,Wyrill,ywyrill43@sourceforge.net,Male,210.70.72.69
149,Lianne,Colrein,lcolrein44@sun.com,Female,33.217.31.199
150,Mabel,Nassi,mnassi45@utexas.edu,Female,60.141.229.58
151,Issy,Georg,igeorg46@about.me,Female,199.93.123.232
152,Kris,Sattin,ksattin47@ftc.gov,Male,23.245.109.37
153,Ozzie,Cownden,ocownden48@latimes.com,Male,223.111.57.221
154,Amara,Killock,akillock49@salon.com,Female,58.20.36.140
155,Umeko,Sarre,usarre4a@weibo.com,Female,98.190.51.114
156,Alameda,Farress,afarress4b@yellowpages.com,Female,157.117.183.94
157,Karla,Potes,kpotes4c@ezinearticles.com,Female,152.242.134.117
158,Akim,Bourtoumieux,abourtoumieux4d@sakura.ne.jp,Male,42.151.17.158
159,Filmore,Banbrook,fbanbrook4e@yandex.ru,Male,2.133.161.93
160,Benedict,MacDermand,bmacdermand4f@digg.com,Male,93.241.85.216
161,Hirsch,Father,hfather4g@sbwire.com,Male,235.198.176.21
162,Torre,Agutter,tagutter4h@cyberchimps.com,Male,12.164.159.70
163,Darrell,Gindghill,dgindghill4i@surveymonkey.com,Male,228.47.5.21
164,Tiffanie,Blaik,tblaik4j@vimeo.com,Female,87.43.239.117
165,Constantine,Dene,cdene4k@wp.com,Male,118.39.69.201
166,Julita,Stefanovic,jstefanovic4l@arstechnica.com,Female,46.223.10.83
167,Gill,Wren,gwren4m@alibaba.com,Male,36.81.237.86
168,Aprilette,Clayden,aclayden4n@intel.com,Female,204.89.77.16
169,Kellsie,Loos,kloos4o@geocities.jp,Female,26.175.223.192
170,Bobbette,Seakings,bseakings4p@wikipedia.org,Female,73.230.146.188
171,Sidney,Kenwyn,skenwyn4q@wiley.com,Male,56.101.39.189
172,Dario,Thalmann,dthalmann4r@usnews.com,Male,38.145.80.106
173,Valdemar,Kalvin,vkalvin4s@cafepress.com,Male,160.69.30.20
174,Kaja,Duddin,kduddin4t@eepurl.com,Female,9.163.147.195
175,Bidget,Piris,bpiris4u@so-net.ne.jp,Female,136.32.112.245
176,Ring,Heakins,rheakins4v@trellian.com,Male,22.243.49.147
177,Steffane,Kainz,skainz4w@blogger.com,Female,175.225.175.22
178,Celestine,Tokley,ctokley4x@seesaa.net,Female,45.18.28.52
179,Elisabet,Oldale,eoldale4y@weather.com,Female,186.116.239.171
180,Gunar,Gillow,ggillow4z@netlog.com,Male,183.254.24.10
181,Page,Sainz,psainz50@imageshack.us,Male,127.161.129.91
182,Gaye,Gowen,ggowen51@admin.ch,Female,207.231.188.63
183,Sib,Gronaller,sgronaller52@g.co,Female,61.168.150.199
184,Marillin,Madeley,mmadeley53@businesswire.com,Female,190.52.189.112
185,Emmet,Waterson,ewaterson54@princeton.edu,Male,127.57.242.20
186,Ferrell,Glynne,fglynne55@pagesperso-orange.fr,Male,92.148.56.19
187,Kalle,Clausius,kclausius56@stanford.edu,Male,246.56.58.137
188,Cleo,Jouandet,cjouandet57@cornell.edu,Female,60.135.216.9
189,Vincenty,Van den Hof,vvandenhof58@php.net,Male,253.184.13.122
190,Averil,Folonin,afolonin59@reddit.com,Male,0.72.170.234
191,Gaspard,Gooly,ggooly5a@smh.com.au,Male,51.124.234.69
192,Gilbertina,Rowston,growston5b@senate.gov,Female,66.81.82.110
193,Agnesse,Vaugham,avaugham5c@spiegel.de,Female,176.157.189.4
194,Gav,Everwin,geverwin5d@histats.com,Male,253.8.37.145
195,Zollie,Maleham,zmaleham5e@bloglines.com,Male,125.142.227.146
196,Mara,Iacovelli,miacovelli5f@mozilla.com,Female,218.237.196.38
197,Norbert,Testro,ntestro5g@goo.ne.jp,Male,149.67.75.192
198,Marianne,Hazelby,mhazelby5h@accuweather.com,Female,178.93.63.137
199,Gabrila,Kaemena,gkaemena5i@cisco.com,Female,199.220.26.114
200,Reginauld,Symms,rsymms5j@amazonaws.com,Male,204.149.95.120
201,Gardie,Chansonnau,gchansonnau5k@macromedia.com,Male,172.144.40.157
202,Lynna,Windham,lwindham5l@freewebs.com,Female,221.252.122.195
203,Lyndsie,Chomicki,lchomicki5m@w3.org,Female,83.165.142.173
204,Rockie,Rhule,rrhule5n@furl.net,Male,66.37.194.122
205,Laurella,Cossentine,lcossentine5o@marketwatch.com,Female,146.143.51.133
206,Ansel,Patsall,apatsall5p@google.pl,Male,81.144.84.212
207,Marilyn,Vanni,mvanni5q@123-reg.co.uk,Female,60.92.72.111
208,Niall,Blight,nblight5r@deviantart.com,Male,14.2.152.77
209,Suzi,Macek,smacek5s@washington.edu,Female,116.242.225.19
210,Trixi,Bewley,tbewley5t@un.org,Female,141.195.44.69
211,Fabio,Taffs,ftaffs5u@uiuc.edu,Male,118.163.183.198
212,Lawton,Dowgill,ldowgill5v@state.gov,Male,178.61.136.6
213,Ryon,Rozycki,rrozycki5w@youtube.com,Male,204.228.2.91
214,Yulma,Groll,ygroll5x@so-net.ne.jp,Male,240.48.13.218
215,Bobbye,Corbett,bcorbett5y@domainmarket.com,Female,91.53.240.147
216,Tamas,Sandhill,tsandhill5z@hud.gov,Male,28.152.211.60
217,Mehetabel,Fittis,mfittis60@multiply.com,Female,155.6.222.231
218,Nial,Tallowin,ntallowin61@xrea.com,Male,42.86.142.7
219,Rusty,Lilburne,rlilburne62@ucoz.ru,Male,74.128.69.7
220,Chantal,Bernardon,cbernardon63@bravesites.com,Female,227.251.19.124
221,Lacee,Kalinovich,lkalinovich64@infoseek.co.jp,Female,179.156.0.103
222,Olga,Lochrie,olochrie65@xinhuanet.com,Female,21.252.14.223
223,Carlyn,Peatt,cpeatt66@hatena.ne.jp,Female,207.230.35.112
224,Emmi,Brownscombe,ebrownscombe67@ameblo.jp,Female,98.135.224.141
225,Kylen,McGilleghole,kmcgilleghole68@360.cn,Female,221.125.9.40
226,Baldwin,Chieco,bchieco69@hao123.com,Male,72.53.198.1
227,Jaime,Errington,jerrington6a@sakura.ne.jp,Male,87.125.225.141
228,Hoebart,Rowland,hrowland6b@cbc.ca,Male,31.130.0.191
229,Morganica,Messom,mmessom6c@java.com,Female,154.220.175.177
230,Rock,Sorrell,rsorrell6d@mac.com,Male,2.99.199.255
231,Bertha,Mellings,bmellings6e@un.org,Female,229.153.92.134
232,Noby,Sapwell,nsapwell6f@booking.com,Male,254.27.122.168
233,Dione,Di Giacomettino,ddigiacomettino6g@soundcloud.com,Female,153.187.5.179
234,Travus,Bradlaugh,tbradlaugh6h@cyberchimps.com,Male,241.217.45.152
235,Vale,Lamort,vlamort6i@gizmodo.com,Male,22.38.13.71
236,Roderic,MacConneely,rmacconneely6j@elegantthemes.com,Male,160.179.141.205
237,Susana,Echalie,sechalie6k@paypal.com,Female,154.38.52.102
238,Eberto,Bowness,ebowness6l@delicious.com,Male,206.199.29.187
239,Malorie,Provost,mprovost6m@nbcnews.com,Female,146.133.107.0
240,Shalne,Macconachy,smacconachy6n@quantcast.com,Female,250.70.6.77
241,Ellary,Edney,eedney6o@fc2.com,Male,251.197.102.250
242,Marjie,McNulty,mmcnulty6p@ovh.net,Female,134.173.74.185
243,Grove,Waterson,gwaterson6q@merriam-webster.com,Male,148.169.77.183
244,Antons,Pumfrey,apumfrey6r@zdnet.com,Male,48.154.219.45
245,Bartolemo,Grelka,bgrelka6s@cisco.com,Male,201.167.51.40
246,Herc,Feacham,hfeacham6t@npr.org,Male,182.241.115.30
247,Monti,Challen,mchallen6u@sitemeter.com,Male,107.72.184.246
248,Raffarty,Boulstridge,rboulstridge6v@cloudflare.com,Male,156.169.76.233
249,Leon,Le Houx,llehoux6w@cisco.com,Male,224.181.180.40
250,Zandra,Brewster,zbrewster6x@vk.com,Female,114.58.38.24
251,Catrina,Cantrell,ccantrell6y@china.com.cn,Female,58.180.75.168
252,Ceil,Raiman,craiman6z@cyberchimps.com,Female,213.252.72.72
253,Farleigh,Stoddart,fstoddart70@jigsy.com,Male,89.29.213.155
254,Cheryl,Gooddy,cgooddy71@xrea.com,Female,32.4.105.112
255,Keefe,Questier,kquestier72@flickr.com,Male,81.237.126.131
256,Bertie,Andres,bandres73@hostgator.com,Female,109.153.217.120
257,Viviyan,Fitzpayn,vfitzpayn74@vimeo.com,Female,172.105.115.156
258,Sansone,Beelby,sbeelby75@wufoo.com,Male,43.167.9.65
259,Nataniel,Gero,ngero76@rakuten.co.jp,Male,33.80.164.24
260,Noemi,Surgenor,nsurgenor77@homestead.com,Female,255.75.75.202
261,Brigid,Massimi,bmassimi78@cmu.edu,Female,169.180.114.182
262,Shandy,Madgwick,smadgwick79@tamu.edu,Female,60.117.140.94
263,Noll,Lanfranchi,nlanfranchi7a@cargocollective.com,Male,117.15.119.180
264,Eydie,Crispin,ecrispin7b@simplemachines.org,Female,245.193.145.174
265,Sauveur,Oates,soates7c@noaa.gov,Male,65.134.220.201
266,Dominique,Mattson,dmattson7d@hhs.gov,Male,172.15.197.205
267,Lindsey,Chiese,lchiese7e@uiuc.edu,Female,113.210.235.234
268,Adria,Goundry,agoundry7f@seattletimes.com,Female,137.180.32.138
269,Venita,Rosedale,vrosedale7g@pinterest.com,Female,48.243.223.138
270,Toinette,Dunkerley,tdunkerley7h@canalblog.com,Female,56.84.141.221
271,Ingar,Prandini,iprandini7i@last.fm,Male,243.239.223.26
272,Melli,Irvine,mirvine7j@bloomberg.com,Female,231.88.166.20
273,Isacco,Maggill'Andreis,imaggillandreis7k@psu.edu,Male,28.63.240.164
274,Sholom,Dainty,sdainty7l@usgs.gov,Male,247.50.240.76
275,Shelton,Baudone,sbaudone7m@google.it,Male,161.24.97.207
276,Emilee,Reihill,ereihill7n@boston.com,Female,111.153.131.127
277,Binky,Capun,bcapun7o@samsung.com,Male,170.89.242.234
278,Zilvia,Byneth,zbyneth7p@intel.com,Female,97.181.32.168
279,Skipper,Devlin,sdevlin7q@blogs.com,Male,126.253.181.188
280,Abby,Bearfoot,abearfoot7r@amazon.de,Female,51.88.193.60
281,Melinde,Matevosian,mmatevosian7s@weebly.com,Female,104.45.175.248
282,Braden,Cudiff,bcudiff7t@themeforest.net,Male,79.182.97.117
283,Elena,Bernollet,ebernollet7u@eventbrite.com,Female,65.30.221.85
284,Gabbey,de Pinna,gdepinna7v@wikipedia.org,Female,73.72.121.188
285,Claybourne,Ivshin,civshin7w@reddit.com,Male,249.43.211.54
286,Hamnet,Fetters,hfetters7x@delicious.com,Male,132.4.6.176
287,Ezequiel,Bruster,ebruster7y@biglobe.ne.jp,Male,36.87.189.179
288,Timothy,Alfonsini,talfonsini7z@google.com.au,Male,98.43.153.170
289,Dar,MacLleese,dmaclleese80@spotify.com,Male,40.180.152.114
290,Denver,Tinker,dtinker81@telegraph.co.uk,Male,174.135.85.190
291,Anne-corinne,Plain,aplain82@dedecms.com,Female,106.19.116.233
292,Lyndsey,Solleme,lsolleme83@loc.gov,Female,86.232.103.121
293,Ulrich,Clutterbuck,uclutterbuck84@japanpost.jp,Male,26.194.5.95
294,Coralyn,Hymer,chymer85@xinhuanet.com,Female,141.122.65.238
295,Mirilla,Hurrion,mhurrion86@illinois.edu,Female,111.109.25.93
296,Joey,Hardingham,jhardingham87@discuz.net,Male,35.194.89.163
297,Millard,Shipman,mshipman88@sun.com,Male,118.50.76.157
298,Rolando,Selburn,rselburn89@wordpress.org,Male,138.107.112.99
299,Verla,Pieracci,vpieracci8a@ycombinator.com,Female,238.96.5.176
300,Maye,Hambric,mhambric8b@barnesandnoble.com,Female,37.199.49.107
301,Berti,Legendre,blegendre8c@xing.com,Male,195.0.177.250
302,Euell,Langhor,elanghor8d@quantcast.com,Male,234.211.247.99
303,Wilfred,Rosenblad,wrosenblad8e@about.me,Male,81.78.21.97
304,Susanna,Lawfull,slawfull8f@sbwire.com,Female,90.170.176.187
305,Mattheus,Hedges,mhedges8g@storify.com,Male,59.8.29.204
306,Upton,Ferrarone,uferrarone8h@list-manage.com,Male,167.152.91.167
307,Griffin,Benedict,gbenedict8i@blogtalkradio.com,Male,180.220.87.88
308,Trumaine,Pannaman,tpannaman8j@linkedin.com,Male,231.22.182.172
309,Mellisa,Entres,mentres8k@lycos.com,Female,99.251.34.13
310,Jessy,Drance,jdrance8l@free.fr,Female,143.81.126.207
311,Tildie,Cakebread,tcakebread8m@cafepress.com,Female,32.106.0.97
312,Susanna,Isson,sisson8n@spiegel.de,Female,180.122.172.243
313,Beverie,Silmon,bsilmon8o@go.com,Female,205.165.122.170
314,Rafaellle,Yearnes,ryearnes8p@thetimes.co.uk,Male,16.53.198.167
315,Meara,Slemming,mslemming8q@vkontakte.ru,Female,205.120.178.191
316,Gill,Serridge,gserridge8r@digg.com,Male,38.205.163.148
317,Ollie,Disbrow,odisbrow8s@indiatimes.com,Female,1.75.163.213
318,Bertine,Perocci,bperocci8t@unicef.org,Female,158.114.193.249
319,Mill,Belt,mbelt8u@ustream.tv,Male,57.216.189.139
320,Gage,Landor,glandor8v@netlog.com,Male,46.253.59.7
321,Harper,Flecknoe,hflecknoe8w@uiuc.edu,Male,252.103.85.120
322,Lotti,Shorland,lshorland8x@linkedin.com,Female,181.2.139.138
323,Emery,Smitton,esmitton8y@yellowbook.com,Male,161.1.10.40
324,Lona,Goldsbrough,lgoldsbrough8z@state.gov,Female,68.19.128.57
325,Thatcher,Smiz,tsmiz90@diigo.com,Male,145.86.146.178
326,Nelie,Livingstone,nlivingstone91@webmd.com,Female,155.27.48.113
327,Ole,Stelfox,ostelfox92@tuttocitta.it,Male,159.64.91.206
328,Kellen,Reubens,kreubens93@plala.or.jp,Female,233.81.168.119
329,Lorinda,Attoe,lattoe94@webeden.co.uk,Female,115.65.247.168
330,Hinze,Chinn,hchinn95@dell.com,Male,144.6.33.51
331,Anjanette,Brandi,abrandi96@wp.com,Female,6.72.80.169
332,Audrie,Henze,ahenze97@privacy.gov.au,Female,196.6.76.211
333,Nedi,Joskovitch,njoskovitch98@unesco.org,Female,94.30.57.52
334,Jeniffer,Maevela,jmaevela99@craigslist.org,Female,38.226.171.99
335,Jude,Liepins,jliepins9a@cnbc.com,Male,54.150.74.192
336,Findlay,Ungerecht,fungerecht9b@deliciousdays.com,Male,172.177.217.27
337,Rem,Hostan,rhostan9c@quantcast.com,Male,73.75.105.131
338,Mathilde,Jeroch,mjeroch9d@wunderground.com,Female,15.97.93.172
339,Fey,Bloxsom,fbloxsom9e@thetimes.co.uk,Female,141.176.205.173
340,Zilvia,Cobbin,zcobbin9f@adobe.com,Female,24.70.211.7
341,Forest,Grouen,fgrouen9g@independent.co.uk,Male,148.56.56.15
342,Franklin,Diggons,fdiggons9h@pen.io,Male,227.143.180.114
343,Pam,Fowlestone,pfowlestone9i@berkeley.edu,Female,106.232.77.62
344,Kandace,Legan,klegan9j@blogtalkradio.com,Female,68.103.228.10
345,Thomasine,Kilian,tkilian9k@paypal.com,Female,160.186.61.20
346,Neill,Withnall,nwithnall9l@umich.edu,Male,92.119.156.102
347,Gerard,Goford,ggoford9m@liveinternet.ru,Male,12.125.254.133
348,Rana,Ferminger,rferminger9n@hexun.com,Female,135.201.33.245
349,Nolie,Cossam,ncossam9o@va.gov,Female,174.204.165.124
350,Weylin,Coweuppe,wcoweuppe9p@ibm.com,Male,3.190.64.220
351,Claire,Cawdell,ccawdell9q@naver.com,Male,58.155.9.41
352,Cyrille,Hamp,champ9r@phoca.cz,Male,164.186.186.54
353,Olimpia,Waterhowse,owaterhowse9s@a8.net,Female,160.24.1.74
354,Christos,Radbourn,cradbourn9t@zimbio.com,Male,231.39.181.44
355,Benton,Halms,bhalms9u@printfriendly.com,Male,113.131.129.196
356,Fifine,Raffin,fraffin9v@odnoklassniki.ru,Female,229.78.118.180
357,Lucila,Benterman,lbenterman9w@admin.ch,Female,236.195.76.100
358,Ann-marie,Lornsen,alornsen9x@umn.edu,Female,241.109.127.78
359,Starlene,Ofen,sofen9y@oaic.gov.au,Female,53.31.215.186
360,Modesty,Iley,miley9z@tamu.edu,Female,62.160.94.235
361,Barnard,Brogioni,bbrogionia0@spiegel.de,Male,76.194.1.137
362,Sherm,Folkerts,sfolkertsa1@acquirethisname.com,Male,185.25.33.201
363,Enid,Yurin,eyurina2@dion.ne.jp,Female,187.142.30.168
364,Morey,Braben,mbrabena3@archive.org,Male,216.255.188.60
365,Aubine,Rubens,arubensa4@pinterest.com,Female,116.208.145.63
366,Barbee,Hemphill,bhemphilla5@techcrunch.com,Female,84.91.194.70
367,Nobie,Chadderton,nchaddertona6@nhs.uk,Male,8.146.217.195
368,Jeanelle,Kolushev,jkolusheva7@zimbio.com,Female,43.214.123.131
369,Libbey,Lehrer,llehrera8@jiathis.com,Female,101.141.13.128
370,Felike,Challenor,fchallenora9@slate.com,Male,116.248.171.148
371,Christoforo,Zannetti,czannettiaa@amazon.de,Male,255.53.143.225
372,Tiffie,Iacovone,tiacovoneab@indiatimes.com,Female,207.65.158.109
373,Aggy,Phelps,aphelpsac@unicef.org,Female,66.76.101.41
374,Bogart,Ecclestone,becclestonead@businesswire.com,Male,15.26.141.163
375,Jodi,O'Skehan,joskehanae@woothemes.com,Male,126.102.104.214
376,Vera,Regardsoe,vregardsoeaf@amazon.co.uk,Female,80.10.124.205
377,Carrissa,Mayling,cmaylingag@thetimes.co.uk,Female,199.126.86.189
378,Keane,Meadowcroft,kmeadowcroftah@mtv.com,Male,252.225.147.13
379,Inger,Whorlow,iwhorlowai@sciencedirect.com,Male,144.140.34.229
380,Caroline,Lumm,clummaj@icio.us,Female,109.15.62.106
381,Leighton,Whoston,lwhostonak@a8.net,Male,43.82.238.88
382,Ruthanne,Blunderfield,rblunderfieldal@odnoklassniki.ru,Female,149.230.173.169
383,Keefe,Crossdale,kcrossdaleam@jigsy.com,Male,18.50.231.237
384,Orson,Jeffes,ojeffesan@ihg.com,Male,228.40.63.252
385,Dallas,Brodest,dbrodestao@zdnet.com,Male,10.185.83.207
386,Karla,Caines,kcainesap@hp.com,Female,22.230.195.156
387,Alix,Brinicombe,abrinicombeaq@dyndns.org,Male,121.184.82.58
388,Levey,Villaret,lvillaretar@weibo.com,Male,145.82.202.221
389,Emilio,Hughill,ehughillas@imageshack.us,Male,198.176.20.9
390,Culver,Flawith,cflawithat@state.gov,Male,168.81.189.138
391,Maris,Stroud,mstroudau@oaic.gov.au,Female,227.47.53.38
392,Corri,Lintin,clintinav@shop-pro.jp,Female,119.231.223.199
393,Corabella,Howarth,chowarthaw@discovery.com,Female,34.145.175.213
394,Welby,Dowe,wdoweax@abc.net.au,Male,70.206.81.127
395,Amalie,Gaythwaite,agaythwaiteay@phpbb.com,Female,132.61.42.229
396,Trudi,Rastrick,trastrickaz@photobucket.com,Female,214.234.122.181
397,Zebulen,Dawes,zdawesb0@g.co,Male,217.164.143.120
398,Ashbey,Gabrieli,agabrielib1@senate.gov,Male,220.110.144.248
399,Pete,Beakes,pbeakesb2@sohu.com,Male,249.235.240.73
400,Jerad,Dougharty,jdoughartyb3@wiley.com,Male,231.96.137.57
401,Heddie,Buse,hbuseb4@com.com,Female,209.5.50.94
402,Ginnifer,Rillatt,grillattb5@taobao.com,Female,183.152.42.94
403,Beryle,Berston,bberstonb6@seattletimes.com,Female,126.181.37.203
404,Trisha,Renny,trennyb7@seattletimes.com,Female,63.253.127.134
405,Stanislaw,Garralts,sgarraltsb8@examiner.com,Male,11.80.20.190
406,Vladimir,Venners,vvennersb9@hexun.com,Male,246.13.187.87
407,Dorelia,Connachan,dconnachanba@weibo.com,Female,14.239.147.181
408,Cooper,Sutor,csutorbb@freewebs.com,Male,76.185.13.94
409,Malvina,Riddlesden,mriddlesdenbc@blogtalkradio.com,Female,157.252.165.235
410,Lacee,Brimham,lbrimhambd@networkadvertising.org,Female,183.99.153.27
411,Elton,Cavil,ecavilbe@php.net,Male,163.183.218.27
412,Rockwell,Worlock,rworlockbf@washingtonpost.com,Male,21.70.239.157
413,Eadmund,McMullen,emcmullenbg@illinois.edu,Male,225.102.95.96
414,Tony,Brownsmith,tbrownsmithbh@blog.com,Male,77.191.123.133
415,Prudy,Leadstone,pleadstonebi@prlog.org,Female,197.80.116.57
416,Dorothea,McIlvoray,dmcilvoraybj@angelfire.com,Female,118.212.192.202
417,Randy,Nazair,rnazairbk@acquirethisname.com,Female,32.210.57.110
418,Abbi,Lauder,alauderbl@pagesperso-orange.fr,Female,127.94.199.179
419,Cathleen,Weins,cweinsbm@sakura.ne.jp,Female,24.176.209.187
420,Chickie,Garmon,cgarmonbn@reverbnation.com,Female,175.11.25.110
421,Roma,Saffle,rsafflebo@twitpic.com,Male,157.43.45.128
422,Yorke,Joselovitch,yjoselovitchbp@ustream.tv,Male,253.63.229.20
423,Adolphus,Dowtry,adowtrybq@ycombinator.com,Male,130.231.177.35
424,Link,Loan,lloanbr@stanford.edu,Male,92.108.114.196
425,Kip,Roskeilly,kroskeillybs@slate.com,Female,114.168.254.1
426,Uriel,Lockett,ulockettbt@hp.com,Male,26.183.159.15
427,Emmalee,Kendrew,ekendrewbu@vkontakte.ru,Female,184.235.128.85
428,Jessi,Kenrat,jkenratbv@amazonaws.com,Female,204.191.149.105
429,Juliet,Leece,jleecebw@intel.com,Female,115.66.162.50
430,Solly,Maliphant,smaliphantbx@timesonline.co.uk,Male,219.90.20.231
431,Violet,Goeff,vgoeffby@wp.com,Female,95.57.154.184
432,Thornie,Pindred,tpindredbz@springer.com,Male,162.51.7.215
433,Elliott,Noah,enoahc0@joomla.org,Male,123.54.217.57
434,Randell,Dymock,rdymockc1@jigsy.com,Male,248.90.218.254
435,Sax,Gillian,sgillianc2@google.nl,Male,241.62.71.89
436,Tadio,Gurnell,tgurnellc3@ebay.co.uk,Male,243.19.115.189
437,Gal,Sikorski,gsikorskic4@cdc.gov,Male,124.64.43.99
438,Saul,Simms,ssimmsc5@wikipedia.org,Male,182.110.179.156
439,Langsdon,Bernaldo,lbernaldoc6@guardian.co.uk,Male,154.139.203.40
440,Velvet,O'Devey,vodeveyc7@altervista.org,Female,242.149.60.70
441,Laure,Yarham,lyarhamc8@cocolog-nifty.com,Female,55.246.251.228
442,Joyan,Pinckard,jpinckardc9@dailymotion.com,Female,86.193.242.240
443,Augustus,Colin,acolinca@freewebs.com,Male,120.250.74.184
444,Hilliary,Arcase,harcasecb@umich.edu,Female,95.101.182.252
445,Jasmina,Crang,jcrangcc@hhs.gov,Female,4.225.96.172
446,Terrill,Lorey,tloreycd@umich.edu,Male,238.76.224.91
447,Joleen,Pither,jpitherce@xing.com,Female,139.80.22.105
448,Dulcea,Allbones,dallbonescf@hibu.com,Female,155.9.28.35
449,Jacquenetta,Eriksson,jerikssoncg@joomla.org,Female,171.127.201.172
450,Sephira,Stilling,sstillingch@japanpost.jp,Female,244.200.219.170
451,Guinna,Atwood,gatwoodci@shutterfly.com,Female,121.181.63.232
452,Rosanne,Morrish,rmorrishcj@nyu.edu,Female,118.234.22.137
453,Ashla,Smitherham,asmitherhamck@nydailynews.com,Female,61.117.111.213
454,Godfree,Groome,ggroomecl@telegraph.co.uk,Male,92.216.134.73
455,Pen,Attenbrough,pattenbroughcm@angelfire.com,Female,146.3.18.186
456,Adiana,Egell,aegellcn@intel.com,Female,143.169.48.237
457,Willy,Sandwick,wsandwickco@jiathis.com,Female,200.242.224.90
458,Arch,Chave,achavecp@webnode.com,Male,52.69.27.226
459,Lissa,Burd,lburdcq@ed.gov,Female,116.244.218.85
460,Gena,Arstall,garstallcr@cloudflare.com,Female,234.21.154.239
461,Susanetta,Perocci,speroccics@wsj.com,Female,245.36.163.13
462,Charmane,Arblaster,carblasterct@japanpost.jp,Female,17.37.134.30
463,Corella,Sciacovelli,csciacovellicu@thetimes.co.uk,Female,11.189.52.167
464,Fan,Lees,fleescv@so-net.ne.jp,Female,191.128.135.53
465,Celine,Gallally,cgallallycw@wordpress.com,Female,127.50.191.104
466,Jessamyn,Utteridge,jutteridgecx@mozilla.com,Female,189.8.224.239
467,Alfie,Maughan,amaughancy@spiegel.de,Female,9.94.88.106
468,Worthy,Dellenbrok,wdellenbrokcz@vk.com,Male,53.216.150.14
469,Ringo,Blacklidge,rblacklidged0@google.com.au,Male,104.112.187.40
470,Peyton,Iddy,piddyd1@barnesandnoble.com,Male,161.186.48.107
471,Janka,Geffe,jgeffed2@narod.ru,Female,201.56.166.250
472,Jacinta,Matushenko,jmatushenkod3@woothemes.com,Female,225.86.192.86
473,Kristan,Gillman,kgillmand4@behance.net,Female,169.102.129.183
474,Gipsy,Vashchenko,gvashchenkod5@jigsy.com,Female,75.56.3.57
475,Pascale,Mapson,pmapsond6@epa.gov,Male,184.232.235.173
476,Terrill,Startin,tstartind7@surveymonkey.com,Male,152.177.191.205
477,Grete,Whiscard,gwhiscardd8@harvard.edu,Female,26.93.83.136
478,Pincus,Lauxmann,plauxmannd9@cdbaby.com,Male,148.123.213.31
479,Alberto,Genge,agengeda@yale.edu,Male,20.140.208.58
480,Hartwell,Buzzing,hbuzzingdb@time.com,Male,217.102.74.135
481,Natala,O'Shaughnessy,noshaughnessydc@amazon.co.uk,Female,27.75.121.153
482,Porter,Juden,pjudendd@aol.com,Male,180.154.201.46
483,Pat,Arnoult,parnoultde@hugedomains.com,Female,224.26.127.116
484,Greg,Shermore,gshermoredf@unblog.fr,Male,81.201.240.175
485,Donna,Rehorek,drehorekdg@mapquest.com,Female,231.153.246.14
486,Konstanze,Heys,kheysdh@i2i.jp,Female,82.183.247.201
487,Kiri,Satterthwaite,ksatterthwaitedi@constantcontact.com,Female,186.184.198.108
488,Joletta,McKleod,jmckleoddj@ucoz.com,Female,247.129.57.92
489,Dougy,O'Ferris,doferrisdk@hexun.com,Male,176.252.178.72
490,Helenelizabeth,Wigin,hwigindl@joomla.org,Female,79.220.239.152
491,Martha,Yurygyn,myurygyndm@angelfire.com,Female,80.36.84.198
492,Demetris,Feavyour,dfeavyourdn@ucla.edu,Male,195.240.42.253
493,Dulsea,Leadbeater,dleadbeaterdo@guardian.co.uk,Female,85.2.138.241
494,Benji,Aingel,baingeldp@bloglovin.com,Male,139.225.78.19
495,Gareth,Orry,gorrydq@netlog.com,Male,176.246.165.60
496,Kim,Braganca,kbragancadr@google.com.hk,Male,98.59.46.129
497,Mae,Stuttman,mstuttmands@joomla.org,Female,89.86.152.201
498,Theadora,Viner,tvinerdt@google.ca,Female,208.170.71.24
499,Heloise,Yurshev,hyurshevdu@list-manage.com,Female,204.179.188.85
500,Terence,Lamputt,tlamputtdv@google.co.uk,Male,67.67.187.93
501,Frasier,Howford,fhowforddw@t.co,Male,121.206.111.211
502,Natividad,Onyon,nonyondx@histats.com,Female,125.93.13.144
503,Reggie,Raffeorty,rraffeortydy@toplist.cz,Male,22.206.10.214
504,Frannie,Davoren,fdavorendz@aboutads.info,Male,219.53.255.69
505,Nichole,Goldsworthy,ngoldsworthye0@free.fr,Female,215.153.118.167
506,Walden,Kreber,wkrebere1@discuz.net,Male,77.156.209.135
507,Phillis,Kindleysides,pkindleysidese2@yahoo.com,Female,97.183.115.25
508,Kira,Haywood,khaywoode3@sakura.ne.jp,Female,211.20.244.97
509,Gabriell,Noyes,gnoyese4@sciencedirect.com,Female,211.247.142.164
510,Patrizia,Heasly,pheaslye5@exblog.jp,Female,108.154.162.173
511,Maxy,Dory,mdorye6@is.gd,Male,91.188.129.221
512,Marijn,Banasik,mbanasike7@fastcompany.com,Male,41.201.84.50
513,Keven,Jobke,kjobkee8@unc.edu,Male,154.59.70.187
514,Rudie,Lilburn,rlilburne9@columbia.edu,Male,89.73.153.35
515,Katrine,Lambird,klambirdea@blogger.com,Female,113.28.7.243
516,Neel,Cadle,ncadleeb@buzzfeed.com,Male,85.79.86.218
517,Freeland,Slate,fslateec@sciencedirect.com,Male,106.65.208.139
518,Jerrine,Doole,jdooleed@intel.com,Female,192.154.65.133
519,Cinda,Goodwill,cgoodwillee@about.com,Female,199.2.60.40
520,Billy,Ruggs,bruggsef@disqus.com,Male,144.239.121.40
521,Caresse,Braban,cbrabaneg@sciencedirect.com,Female,205.56.91.215
522,Alberto,Gellett,agelletteh@hatena.ne.jp,Male,131.126.21.145
523,Matthias,Gadsby,mgadsbyei@senate.gov,Male,150.118.120.180
524,Tiffy,Walak,twalakej@clickbank.net,Female,180.40.141.32
525,Clyve,Grimolbie,cgrimolbieek@indiatimes.com,Male,181.17.167.220
526,Brandyn,Bartul,bbartulel@4shared.com,Male,80.101.179.189
527,Ermin,Culligan,eculliganem@mashable.com,Male,62.1.175.212
528,Lusa,Trye,ltryeen@twitpic.com,Female,102.4.65.119
529,Heddi,Cristoferi,hcristoferieo@nsw.gov.au,Female,182.176.216.11
530,Claribel,Dubique,cdubiqueep@tripod.com,Female,26.220.30.236
531,Felicity,Battaille,fbattailleeq@eventbrite.com,Female,231.234.143.233
532,Renaldo,Raylton,rrayltoner@baidu.com,Male,39.36.161.174
533,Frances,Bellon,fbellones@seesaa.net,Female,12.254.149.42
534,Almeda,Yanyushkin,ayanyushkinet@wordpress.org,Female,250.111.236.161
535,Courtenay,Houlson,choulsoneu@studiopress.com,Female,14.142.41.94
536,Jerrine,Gong,jgongev@hostgator.com,Female,224.100.241.90
537,Enrico,Gibson,egibsonew@dailymail.co.uk,Male,199.143.124.20
538,Randall,McCowen,rmccowenex@163.com,Male,78.191.196.229
539,Caroline,Gherarducci,cgherarducciey@fema.gov,Female,99.42.206.74
540,Davidson,Stoakley,dstoakleyez@elpais.com,Male,160.186.109.87
541,Therine,Spinley,tspinleyf0@auda.org.au,Female,111.91.179.74
542,Emelen,Habberjam,ehabberjamf1@barnesandnoble.com,Male,41.84.168.150
543,Talia,Jodlkowski,tjodlkowskif2@woothemes.com,Female,12.65.51.176
544,Corenda,Rowley,crowleyf3@ustream.tv,Female,252.52.39.101
545,Arie,Krug,akrugf4@goodreads.com,Male,92.91.212.222
546,Bing,Rambaut,brambautf5@census.gov,Male,233.229.182.111
547,Rainer,Swatheridge,rswatheridgef6@diigo.com,Male,170.78.97.242
548,Birdie,Berardt,bberardtf7@freewebs.com,Female,23.253.202.46
549,Gale,Ellinor,gellinorf8@i2i.jp,Male,70.216.157.152
550,Rollins,Imason,rimasonf9@taobao.com,Male,161.71.71.162
551,Ludovico,Haulkham,lhaulkhamfa@kickstarter.com,Male,176.24.222.77
552,Lilllie,Hadcock,lhadcockfb@nytimes.com,Female,227.107.109.204
553,Shaine,Hawksworth,shawksworthfc@umn.edu,Male,74.52.175.54
554,Chlo,Middler,cmiddlerfd@dot.gov,Female,77.152.170.144
555,Bale,Samett,bsamettfe@squidoo.com,Male,66.189.71.88
556,Tony,Merriman,tmerrimanff@wikimedia.org,Male,58.86.186.248
557,Sherill,McGroarty,smcgroartyfg@businessinsider.com,Female,216.241.237.108
558,Marcille,Geck,mgeckfh@simplemachines.org,Female,244.219.168.135
559,Rayshell,Beaty,rbeatyfi@infoseek.co.jp,Female,188.76.128.151
560,Kat,Botterill,kbotterillfj@wp.com,Female,217.139.39.188
561,Balduin,Martschik,bmartschikfk@godaddy.com,Male,222.113.143.237
562,Lyn,Kos,lkosfl@virginia.edu,Male,196.199.91.93
563,Oralie,Vose,ovosefm@squidoo.com,Female,41.213.49.158
564,Mahmud,Joselovitch,mjoselovitchfn@cocolog-nifty.com,Male,140.75.121.17
565,Maybelle,Beckhurst,mbeckhurstfo@china.com.cn,Female,245.209.250.84
566,Jorry,Cariss,jcarissfp@intel.com,Female,159.36.142.94
567,Brennen,Maleham,bmalehamfq@google.cn,Male,66.99.76.153
568,Justus,Mardy,jmardyfr@independent.co.uk,Male,240.93.39.40
569,Glenn,Richardsson,grichardssonfs@alibaba.com,Male,15.253.204.63
570,Eilis,Lauga,elaugaft@telegraph.co.uk,Female,38.155.168.79
571,Demott,Finlater,dfinlaterfu@squarespace.com,Male,252.205.134.66
572,Hester,Meharry,hmeharryfv@discuz.net,Female,7.67.42.105
573,Gale,Carrabot,gcarrabotfw@unesco.org,Male,215.211.85.99
574,Obie,Giovanitti,ogiovanittifx@patch.com,Male,204.6.97.117
575,Petronella,Unwins,punwinsfy@ox.ac.uk,Female,134.42.186.168
576,Huey,Skelly,hskellyfz@reddit.com,Male,97.62.46.164
577,Charmine,Thebeau,cthebeaug0@ameblo.jp,Female,76.42.226.23
578,Papagena,Kondratyuk,pkondratyukg1@e-recht24.de,Female,124.70.41.13
579,Shirley,Beig,sbeigg2@cocolog-nifty.com,Female,209.183.221.143
580,Elaine,Bigham,ebighamg3@columbia.edu,Female,147.8.104.115
581,Jemmie,Dukesbury,jdukesburyg4@google.pl,Female,105.242.101.231
582,Garvin,Featherstonhaugh,gfeatherstonhaughg5@google.co.jp,Male,248.246.156.147
583,Prudy,Astin,pasting6@hibu.com,Female,19.148.222.237
584,Deb,Garrals,dgarralsg7@washingtonpost.com,Female,89.186.237.169
585,Layne,Jerrans,ljerransg8@ted.com,Female,70.230.64.183
586,Kelli,Pusey,kpuseyg9@tiny.cc,Female,39.126.78.65
587,Ainslie,Angel,aangelga@bloglovin.com,Female,171.248.213.64
588,Oswell,Barrat,obarratgb@toplist.cz,Male,164.181.0.8
589,Pace,Bengtsen,pbengtsengc@illinois.edu,Male,142.244.246.226
590,Merline,Munson,mmunsongd@themeforest.net,Female,165.136.92.151
591,Clarke,Aulds,cauldsge@wufoo.com,Male,140.107.62.209
592,Wanids,Thewlis,wthewlisgf@amazon.co.jp,Female,229.146.62.132
593,Pavlov,McMennum,pmcmennumgg@cargocollective.com,Male,8.216.148.227
594,Jarad,Boodle,jboodlegh@hatena.ne.jp,Male,3.115.123.83
595,Editha,Olwen,eolwengi@google.fr,Female,74.250.200.184
596,Cesya,Vincent,cvincentgj@hud.gov,Female,10.217.99.201
597,Melli,Tasseler,mtasselergk@google.ru,Female,173.107.151.159
598,Wolf,Sanchiz,wsanchizgl@intel.com,Male,47.156.88.124
599,Allyson,Beacom,abeacomgm@netlog.com,Female,228.85.76.239
600,Garret,Jeffs,gjeffsgn@google.co.uk,Male,119.102.142.30
601,Blaine,Priel,bprielgo@blogspot.com,Male,165.93.167.9
602,Red,Patey,rpateygp@tripadvisor.com,Male,26.179.174.165
603,Gwennie,Gillmore,ggillmoregq@networkadvertising.org,Female,115.36.239.213
604,Blayne,Spurdle,bspurdlegr@yelp.com,Male,24.114.7.207
605,Kaye,Bertelmot,kbertelmotgs@stumbleupon.com,Female,208.31.204.210
606,Kalil,Marchiso,kmarchisogt@timesonline.co.uk,Male,38.230.61.32
607,Sylas,Molson,smolsongu@360.cn,Male,223.149.105.47
608,Luciano,Crush,lcrushgv@bandcamp.com,Male,221.111.207.182
609,Edie,Speedin,espeedingw@state.tx.us,Female,228.235.1.55
610,Filip,Diperaus,fdiperausgx@toplist.cz,Male,200.253.108.210
611,Martyn,Byford,mbyfordgy@posterous.com,Male,39.3.150.15
612,Tony,Garrigan,tgarrigangz@oakley.com,Female,80.124.194.13
613,Sylvia,Keymer,skeymerh0@goo.gl,Female,239.73.101.189
614,Che,Gorini,cgorinih1@list-manage.com,Male,170.24.10.193
615,Robbert,Tofful,rtoffulh2@oaic.gov.au,Male,87.196.177.227
616,Krystle,Agostini,kagostinih3@unicef.org,Female,66.77.64.137
617,Sonni,Musla,smuslah4@addtoany.com,Female,143.142.27.144
618,Leonid,Doumic,ldoumich5@yelp.com,Male,16.185.38.149
619,Ethyl,Frissell,efrissellh6@ed.gov,Female,213.2.187.165
620,Verine,Comino,vcominoh7@themeforest.net,Female,214.234.177.137
621,Serge,Hinchshaw,shinchshawh8@cafepress.com,Male,34.3.242.243
622,Johan,Hansom,jhansomh9@webnode.com,Male,171.35.94.161
623,Berne,Albery,balberyha@tmall.com,Male,41.92.11.255
624,Rosemarie,Jarrel,rjarrelhb@bloglovin.com,Female,255.171.182.192
625,Aloysius,Power,apowerhc@chronoengine.com,Male,185.217.91.237
626,Marilin,Sarson,msarsonhd@123-reg.co.uk,Female,0.27.85.231
627,Dominique,Jeandeau,djeandeauhe@globo.com,Male,7.122.170.73
628,Eleen,Colgrave,ecolgravehf@symantec.com,Female,130.198.132.148
629,Kameko,Boodle,kboodlehg@bbc.co.uk,Female,228.39.165.87
630,Kira,Cattini,kcattinihh@hp.com,Female,47.98.123.86
631,Kinsley,Stannett,kstannetthi@stumbleupon.com,Male,197.21.104.159
632,Janetta,Mort,jmorthj@moonfruit.com,Female,153.198.68.253
633,Nolie,McDirmid,nmcdirmidhk@wisc.edu,Female,147.66.57.91
634,Kaycee,O'Hone,kohonehl@ed.gov,Female,15.152.78.200
635,Bobbette,Swanger,bswangerhm@examiner.com,Female,30.98.74.82
636,Malina,Dibson,mdibsonhn@indiatimes.com,Female,129.242.180.122
637,Bettye,Rate,brateho@jigsy.com,Female,38.220.68.59
638,Jennee,Wallwood,jwallwoodhp@auda.org.au,Female,57.11.29.125
639,Benjamin,Parcells,bparcellshq@arizona.edu,Male,170.114.161.184
640,Helen-elizabeth,Roseborough,hroseboroughhr@canalblog.com,Female,77.205.235.216
641,Orelee,Finlry,ofinlryhs@prnewswire.com,Female,90.44.241.71
642,Emmery,Passby,epassbyht@tripadvisor.com,Male,86.228.81.86
643,Evvie,Carek,ecarekhu@ted.com,Female,119.59.254.221
644,Ruttger,Brabbs,rbrabbshv@goo.gl,Male,170.142.73.138
645,Brook,Habbes,bhabbeshw@wsj.com,Female,252.167.55.107
646,Lars,O'Henecan,lohenecanhx@arizona.edu,Male,159.140.174.135
647,Ada,Cristofolo,acristofolohy@usa.gov,Female,161.31.98.229
648,Dewain,Berthomier,dberthomierhz@nih.gov,Male,218.2.4.41
649,Marcelo,Millsap,mmillsapi0@omniture.com,Male,122.155.103.97
650,Agnes,Dislee,adisleei1@wikipedia.org,Female,114.200.138.201
651,Giusto,Baglan,gbaglani2@soundcloud.com,Male,83.74.205.202
652,Wilone,Tuffin,wtuffini3@so-net.ne.jp,Female,28.199.102.95
653,Connor,Chevers,ccheversi4@businessweek.com,Male,90.173.91.198
654,Mercy,Kolak,mkolaki5@gnu.org,Female,3.109.220.16
655,Clarice,Studdard,cstuddardi6@newsvine.com,Female,35.12.164.69
656,Winifred,Wingrove,wwingrovei7@addtoany.com,Female,54.169.19.102
657,Rosita,Potteridge,rpotteridgei8@imageshack.us,Female,204.20.142.12
658,Vinnie,Roselli,vrosellii9@wordpress.org,Female,210.190.95.170
659,Stormi,Gallon,sgallonia@simplemachines.org,Female,55.66.162.234
660,Ninnette,Mountjoy,nmountjoyib@webeden.co.uk,Female,173.100.127.115
661,Devondra,Fouracres,dfouracresic@unicef.org,Female,173.159.85.137
662,Fan,Glasspool,fglasspoolid@wordpress.org,Female,170.72.121.32
663,Mozes,Tollmache,mtollmacheie@wunderground.com,Male,26.214.248.9
664,Chrissy,Linay,clinayif@zimbio.com,Male,198.181.51.138
665,Cinderella,Rusk,cruskig@gizmodo.com,Female,170.1.65.116
666,Erin,Hullbrook,ehullbrookih@newsvine.com,Male,13.2.184.217
667,Ashia,McTerlagh,amcterlaghii@mayoclinic.com,Female,118.205.208.202
668,Filmore,Angear,fangearij@telegraph.co.uk,Male,26.93.92.176
669,Florina,Godman,fgodmanik@auda.org.au,Female,87.202.61.153
670,Kienan,Ducket,kducketil@hugedomains.com,Male,44.62.68.82
671,Tamar,Gepp,tgeppim@go.com,Female,105.88.231.93
672,Tudor,Ratnage,tratnagein@ebay.co.uk,Male,64.145.151.251
673,Maryrose,Leacock,mleacockio@usnews.com,Female,62.151.109.206
674,Demetri,Bouchard,dbouchardip@dailymail.co.uk,Male,232.193.156.234
675,Tristan,Van Giffen,tvangiffeniq@noaa.gov,Male,3.198.195.182
676,Mureil,Daine,mdaineir@1688.com,Female,117.221.62.154
677,Idaline,Hydes,ihydesis@salon.com,Female,88.26.152.33
678,Arline,Showl,ashowlit@aol.com,Female,127.118.144.81
679,Marina,Obeney,mobeneyiu@parallels.com,Female,200.123.167.231
680,Elvin,Haldene,ehaldeneiv@marriott.com,Male,199.191.27.177
681,Catherine,Micah,cmicahiw@infoseek.co.jp,Female,34.194.41.135
682,Junina,Joannet,jjoannetix@wikipedia.org,Female,123.115.110.6
683,Lil,Kidstone,lkidstoneiy@theatlantic.com,Female,111.114.107.9
684,Ermengarde,Inkles,einklesiz@ovh.net,Female,31.8.47.73
685,Maxy,Murney,mmurneyj0@behance.net,Male,141.221.235.52
686,Amalia,Foreman,aforemanj1@geocities.com,Female,176.108.115.146
687,Anjela,Sucre,asucrej2@1688.com,Female,157.22.207.74
688,Fran,Paige,fpaigej3@pagesperso-orange.fr,Male,24.111.177.197
689,Clare,Wayon,cwayonj4@163.com,Female,94.146.42.59
690,Conn,Mallaby,cmallabyj5@tumblr.com,Male,7.2.146.119
691,Jules,Gulland,jgullandj6@pagesperso-orange.fr,Male,108.192.104.20
692,Page,Balme,pbalmej7@bbb.org,Female,12.189.229.81
693,Fernande,Goodbanne,fgoodbannej8@cisco.com,Female,100.128.89.176
694,Jesse,Voysey,jvoyseyj9@mozilla.org,Female,186.122.28.142
695,Charin,Podd,cpoddja@unblog.fr,Female,157.109.221.64
696,Logan,Cullinan,lcullinanjb@guardian.co.uk,Male,254.52.8.32
697,Woodman,Wressell,wwresselljc@ucsd.edu,Male,100.17.189.104
698,Vasily,Hakewell,vhakewelljd@msn.com,Male,71.251.5.106
699,Rea,Brummitt,rbrummittje@wufoo.com,Female,119.44.88.68
700,Nedi,Esson,nessonjf@istockphoto.com,Female,234.47.31.135
701,Eve,Briers,ebriersjg@rediff.com,Female,93.4.237.93
702,Francklin,Bow,fbowjh@hugedomains.com,Male,255.171.177.34
703,Toma,Wheway,twhewayji@vkontakte.ru,Female,229.62.49.21
704,Gillie,Gurery,ggureryjj@java.com,Female,201.188.123.129
705,Ernie,Copnell,ecopnelljk@networksolutions.com,Male,53.31.83.190
706,Cleon,Castellino,ccastellinojl@taobao.com,Male,73.246.203.32
707,Terrye,Kybird,tkybirdjm@ucoz.com,Female,201.107.167.95
708,Gilly,Sarath,gsarathjn@yellowpages.com,Female,206.166.8.225
709,Emlyn,Goodridge,egoodridgejo@webmd.com,Male,185.206.146.106
710,Goddard,Dalloway,gdallowayjp@yahoo.com,Male,169.49.232.104
711,Alie,Tallet,atalletjq@nyu.edu,Female,125.118.18.40
712,Steward,Mullins,smullinsjr@imageshack.us,Male,63.247.181.114
713,Shay,Fishe,sfishejs@ca.gov,Male,237.102.161.13
714,Ianthe,Easterling,ieasterlingjt@usa.gov,Female,222.140.160.219
715,Greta,Torri,gtorriju@hubpages.com,Female,169.238.51.240
716,Deloris,Penritt,dpenrittjv@google.com.hk,Female,24.62.21.115
717,Dannie,Janoschek,djanoschekjw@networkadvertising.org,Female,177.181.122.235
718,Ingamar,Brouwer,ibrouwerjx@patch.com,Male,242.96.107.194
719,Dani,Sowte,dsowtejy@timesonline.co.uk,Female,106.67.78.252
720,Darius,Littlepage,dlittlepagejz@msn.com,Male,125.201.212.215
721,Krystal,Drewes,kdrewesk0@prnewswire.com,Female,150.95.91.70
722,Charlot,Mafham,cmafhamk1@blog.com,Female,240.38.222.205
723,Beckie,Baudasso,bbaudassok2@icq.com,Female,234.112.246.198
724,Barnabe,Beddis,bbeddisk3@printfriendly.com,Male,60.226.181.208
725,Nanine,Mowlam,nmowlamk4@pbs.org,Female,48.66.230.221
726,Clerc,Rabbitt,crabbittk5@yandex.ru,Male,141.71.222.27
727,Laverna,Barkly,lbarklyk6@technorati.com,Female,160.60.217.120
728,Morgen,Norewood,mnorewoodk7@ted.com,Male,237.230.177.246
729,Orlando,Guerrero,oguerrerok8@google.pl,Male,254.139.194.204
730,Colas,Oxteby,coxtebyk9@wisc.edu,Male,84.130.51.32
731,Ignacio,Southernwood,isouthernwoodka@ycombinator.com,Male,54.16.252.92
732,Carly,De Hoogh,cdehooghkb@mtv.com,Female,106.168.225.140
733,Paco,Boltwood,pboltwoodkc@earthlink.net,Male,239.122.166.114
734,Natka,Antunes,nantuneskd@nymag.com,Female,32.219.36.77
735,Nanine,Gruszka,ngruszkake@list-manage.com,Female,233.246.138.215
736,Vince,Leguay,vleguaykf@nsw.gov.au,Male,132.95.142.27
737,Dimitry,Toderbrugge,dtoderbruggekg@youtube.com,Male,27.52.97.1
738,Bernard,Samart,bsamartkh@chicagotribune.com,Male,253.39.184.143
739,Magda,Touzey,mtouzeyki@spiegel.de,Female,153.110.253.158
740,Paulo,Coom,pcoomkj@vimeo.com,Male,188.90.156.252
741,Sibby,Benasik,sbenasikkk@kickstarter.com,Female,108.246.201.116
742,Dalli,Dissman,ddissmankl@desdev.cn,Male,43.177.59.206
743,Jacqueline,Doret,jdoretkm@un.org,Female,21.136.173.212
744,Vanni,Torn,vtornkn@bandcamp.com,Female,159.115.211.124
745,Dennis,Heasman,dheasmanko@about.me,Male,3.102.66.250
746,Doris,Dungate,ddungatekp@macromedia.com,Female,166.2.9.219
747,Cathyleen,Quidenham,cquidenhamkq@digg.com,Female,12.220.254.185
748,Saul,Caple,scaplekr@wsj.com,Male,158.61.201.7
749,Monti,Favey,mfaveyks@bizjournals.com,Male,137.54.123.38
750,Daron,Scedall,dscedallkt@wikipedia.org,Male,136.32.111.191
751,Read,Halliwell,rhalliwellku@pen.io,Male,217.234.71.109
752,Stormi,Dybell,sdybellkv@epa.gov,Female,30.202.58.196
753,Juli,Treher,jtreherkw@shinystat.com,Female,95.40.105.41
754,Lynnell,Matuszewski,lmatuszewskikx@weather.com,Female,246.173.101.158
755,Arty,Cullnean,acullneanky@nyu.edu,Male,193.68.235.214
756,Tiffany,Rebert,trebertkz@vk.com,Female,41.68.148.22
757,Nealson,Stracey,nstraceyl0@ca.gov,Male,249.248.204.160
758,Dannye,Wither,dwitherl1@g.co,Female,158.122.173.221
759,Madelaine,Beesey,mbeeseyl2@webeden.co.uk,Female,188.86.157.211
760,Tess,Haney,thaneyl3@technorati.com,Female,102.177.243.200
761,Louisette,Taunton.,ltauntonl4@smugmug.com,Female,10.215.151.157
762,Miltie,Kett,mkettl5@aol.com,Male,234.207.175.80
763,Free,Shirtcliffe,fshirtcliffel6@imageshack.us,Male,165.51.210.27
764,Jonell,Joyson,jjoysonl7@ftc.gov,Female,134.24.53.18
765,Angus,Foucher,afoucherl8@aol.com,Male,238.218.226.96
766,Britt,Woolhouse,bwoolhousel9@sciencedaily.com,Female,209.151.40.10
767,Zorah,Pynn,zpynnla@macromedia.com,Female,139.165.178.132
768,Lisette,Maiklem,lmaiklemlb@ted.com,Female,79.153.139.109
769,Thor,Keers,tkeerslc@wikimedia.org,Male,28.22.100.90
770,Malvina,Suffield,msuffieldld@google.cn,Female,156.162.91.233
771,Wilmer,Conquer,wconquerle@mashable.com,Male,46.58.124.229
772,Colene,Goodridge,cgoodridgelf@cnn.com,Female,239.180.253.137
773,Allayne,Razzell,arazzelllg@canalblog.com,Male,28.221.99.88
774,Brett,Alstead,balsteadlh@bizjournals.com,Male,60.159.93.82
775,Drusi,Pranger,dprangerli@wisc.edu,Female,73.183.95.100
776,Roosevelt,Catterick,rcattericklj@constantcontact.com,Male,54.0.117.119
777,Luca,Dumsday,ldumsdaylk@liveinternet.ru,Male,234.206.127.44
778,Athene,Kidgell,akidgellll@ed.gov,Female,135.135.231.153
779,Noelle,Dewan,ndewanlm@webs.com,Female,120.78.154.78
780,Rudolfo,Hemphill,rhemphillln@friendfeed.com,Male,66.172.17.240
781,Perry,Woodwing,pwoodwinglo@feedburner.com,Male,77.74.237.235
782,Cass,Wentworth,cwentworthlp@un.org,Male,184.246.215.178
783,Virgina,Schutte,vschuttelq@msu.edu,Female,208.54.0.204
784,Layla,Brimmell,lbrimmelllr@technorati.com,Female,88.3.214.42
785,Syman,Furminger,sfurmingerls@miitbeian.gov.cn,Male,193.203.157.2
786,Farand,Rowcastle,frowcastlelt@1und1.de,Female,3.249.233.166
787,Edy,Pettersen,epettersenlu@macromedia.com,Female,3.76.7.136
788,Saba,Gate,sgatelv@reuters.com,Female,36.138.150.234
789,Wildon,Hamblington,whamblingtonlw@cisco.com,Male,71.156.154.84
790,Aldis,Eefting,aeeftinglx@jimdo.com,Male,160.167.5.21
791,Lorena,Heinert,lheinertly@reverbnation.com,Female,248.137.31.134
792,Tabb,Guisot,tguisotlz@tumblr.com,Male,222.93.27.180
793,Clementius,Pershouse,cpershousem0@mac.com,Male,77.57.182.230
794,Agneta,Wykey,awykeym1@rambler.ru,Female,170.63.176.18
795,Melisent,Longhurst,mlonghurstm2@nyu.edu,Female,114.202.49.157
796,Maddy,Corsor,mcorsorm3@hc360.com,Female,73.199.19.128
797,Austine,Gero,agerom4@phpbb.com,Female,190.0.87.202
798,Jodi,Fosken,jfoskenm5@deviantart.com,Female,27.19.154.49
799,Vevay,Guille,vguillem6@nih.gov,Female,142.7.60.64
800,Antonietta,Crosby,acrosbym7@hc360.com,Female,170.217.73.219
801,Charity,Merington,cmeringtonm8@howstuffworks.com,Female,180.97.78.117
802,Christye,Dogerty,cdogertym9@hubpages.com,Female,2.141.17.250
803,Erek,Oswick,eoswickma@craigslist.org,Male,212.200.115.59
804,Giles,Corteis,gcorteismb@artisteer.com,Male,155.85.245.146
805,Nataline,Woan,nwoanmc@jimdo.com,Female,146.227.151.244
806,Carolynn,Coppard,ccoppardmd@dailymotion.com,Female,250.46.153.246
807,Ruperto,Rimington,rrimingtonme@washingtonpost.com,Male,149.108.24.142
808,Thelma,Chazelle,tchazellemf@ezinearticles.com,Female,158.16.203.186
809,Lazar,Crudgington,lcrudgingtonmg@boston.com,Male,6.18.44.155
810,Lucienne,Braams,lbraamsmh@hubpages.com,Female,1.108.120.228
811,Nicolette,Wickey,nwickeymi@fc2.com,Female,143.186.104.227
812,Lonnie,Jevon,ljevonmj@github.io,Female,220.118.27.160
813,Sawyere,Sowte,ssowtemk@scientificamerican.com,Male,231.201.75.122
814,Brad,Going,bgoingml@washingtonpost.com,Male,156.114.145.213
815,Granville,Wasmuth,gwasmuthmm@surveymonkey.com,Male,154.98.126.69
816,Malena,Abeau,mabeaumn@ucoz.ru,Female,226.159.214.48
817,Brian,Cay,bcaymo@yolasite.com,Male,150.194.207.36
818,Hayes,Setchell,hsetchellmp@sphinn.com,Male,133.197.159.100
819,Matthus,Scard,mscardmq@si.edu,Male,248.17.70.133
820,Auria,Henzer,ahenzermr@bbb.org,Female,131.55.103.239
821,Tedd,Wright,twrightms@prweb.com,Male,39.215.115.45
822,Arlyne,Collis,acollismt@sohu.com,Female,22.8.250.15
823,Urson,Percifull,upercifullmu@yahoo.co.jp,Male,204.119.139.227
824,Eleanore,Latty,elattymv@boston.com,Female,83.225.61.40
825,Brenden,Antcliffe,bantcliffemw@oaic.gov.au,Male,16.162.196.186
826,Ade,Ickovicz,aickoviczmx@nature.com,Male,240.41.78.236
827,Matias,Roden,mrodenmy@imdb.com,Male,195.4.60.46
828,Basilius,Kernock,bkernockmz@google.ru,Male,65.120.128.102
829,Alane,Spooner,aspoonern0@yale.edu,Female,43.130.64.188
830,Yasmeen,Lockey,ylockeyn1@tuttocitta.it,Female,63.132.187.110
831,Papagena,Shoebotham,pshoebothamn2@simplemachines.org,Female,152.54.203.92
832,Gib,Cleeve,gcleeven3@npr.org,Male,246.245.3.43
833,Judon,Barabich,jbarabichn4@stanford.edu,Male,169.8.143.46
834,Mellicent,Goalley,mgoalleyn5@amazon.co.jp,Female,169.95.235.244
835,Rowan,Mattersley,rmattersleyn6@comcast.net,Male,35.84.142.173
836,Leonhard,Maylour,lmaylourn7@seattletimes.com,Male,103.249.33.225
837,Mira,Boules,mboulesn8@flickr.com,Female,213.137.35.2
838,Barbee,Whannel,bwhanneln9@friendfeed.com,Female,148.211.224.111
839,Maddy,Ludron,mludronna@wikia.com,Male,151.90.5.76
840,Ulrike,Wollrauch,uwollrauchnb@discovery.com,Female,8.250.85.250
841,Fifine,Goad,fgoadnc@histats.com,Female,60.73.255.118
842,Dannie,Hazelgrove,dhazelgrovend@domainmarket.com,Female,221.76.254.175
843,Leann,Lindenboim,llindenboimne@stumbleupon.com,Female,93.1.96.180
844,Gael,Perrin,gperrinnf@youtube.com,Female,9.183.160.118
845,Sig,Cancott,scancottng@shareasale.com,Male,244.30.59.153
846,Leoline,Kidde,lkiddenh@aboutads.info,Female,183.24.252.221
847,Grata,Ruprich,gruprichni@phoca.cz,Female,138.191.67.184
848,Gav,Beaze,gbeazenj@amazon.co.jp,Male,187.170.81.234
849,Phylys,Janca,pjancank@etsy.com,Female,168.128.110.121
850,Ian,Sends,isendsnl@cdc.gov,Male,121.255.67.71
851,Harley,Dinwoodie,hdinwoodienm@feedburner.com,Male,58.183.16.63
852,Benjie,Pietrzyk,bpietrzyknn@canalblog.com,Male,177.229.246.125
853,Jobie,Gracey,jgraceyno@cpanel.net,Female,177.77.95.119
854,Tami,Beavers,tbeaversnp@plala.or.jp,Female,251.70.158.17
855,Wolfgang,Cowterd,wcowterdnq@go.com,Male,241.187.226.248
856,Jennie,Shobbrook,jshobbrooknr@slate.com,Female,8.146.130.193
857,Barrie,Casetta,bcasettans@gravatar.com,Female,196.146.155.202
858,Cherise,Waddington,cwaddingtonnt@yellowpages.com,Female,42.248.105.10
859,Fay,Hammor,fhammornu@dell.com,Female,32.65.159.131
860,Denny,Calvey,dcalveynv@vimeo.com,Male,103.252.168.225
861,Benoite,Beeden,bbeedennw@accuweather.com,Female,221.232.241.164
862,Wilmar,Jennins,wjenninsnx@posterous.com,Male,237.84.78.181
863,Ellyn,Caddens,ecaddensny@bigcartel.com,Female,250.243.237.183
864,Rickie,Brennan,rbrennannz@usa.gov,Female,173.33.144.74
865,Maurizia,Coit,mcoito0@fema.gov,Female,114.27.17.4
866,Leroi,Mangan,lmangano1@360.cn,Male,255.16.43.28
867,James,McGrail,jmcgrailo2@arstechnica.com,Male,240.203.48.85
868,Isidoro,Skirven,iskirveno3@smugmug.com,Male,159.221.77.95
869,Talbot,Knevett,tknevetto4@vistaprint.com,Male,71.13.65.225
870,Mavis,Darrington,mdarringtono5@amazon.co.uk,Female,88.61.129.123
871,Averell,Claiden,aclaideno6@hao123.com,Male,219.201.155.107
872,Adolphus,Wickerson,awickersono7@symantec.com,Male,36.61.106.113
873,Penrod,Panton,ppantono8@youtube.com,Male,232.95.211.63
874,Farley,Leake,fleakeo9@tuttocitta.it,Male,213.247.42.60
875,Dore,Steels,dsteelsoa@army.mil,Male,172.183.53.150
876,Irwinn,Tomala,itomalaob@yandex.ru,Male,217.134.12.151
877,Gavrielle,Pettiford,gpettifordoc@google.co.uk,Female,94.231.15.252
878,Rick,Kestell,rkestellod@123-reg.co.uk,Male,23.78.158.252
879,Wylie,Smout,wsmoutoe@cnet.com,Male,217.100.91.108
880,Pauline,Harmeston,pharmestonof@wikispaces.com,Female,235.86.99.221
881,Laurella,Leaves,lleavesog@smh.com.au,Female,138.18.211.103
882,Elka,Blakely,eblakelyoh@hao123.com,Female,204.184.235.146
883,Kally,Linstead,klinsteadoi@csmonitor.com,Female,16.50.14.20
884,Lesya,Bramer,lbrameroj@t-online.de,Female,80.44.24.18
885,Nil,Eisikowitz,neisikowitzok@clickbank.net,Male,245.32.142.133
886,Chaim,Dodgshun,cdodgshunol@theguardian.com,Male,77.59.80.246
887,Wells,Doerren,wdoerrenom@opera.com,Male,144.51.85.252
888,Dru,Dennerly,ddennerlyon@ovh.net,Male,87.80.17.89
889,Elvyn,Borham,eborhamoo@ucoz.com,Male,96.169.75.74
890,Thorsten,Glendzer,tglendzerop@wikipedia.org,Male,197.2.18.97
891,Joli,Moorton,jmoortonoq@youtube.com,Female,210.160.85.69
892,Ginnie,Simcoe,gsimcoeor@wordpress.com,Female,18.199.206.245
893,Morganne,Splevins,msplevinsos@sbwire.com,Female,207.89.142.173
894,Lind,Blundin,lblundinot@cpanel.net,Female,143.24.128.43
895,Alleen,Loxdale,aloxdaleou@arstechnica.com,Female,30.206.217.76
896,Jessamine,Nazaret,jnazaretov@vk.com,Female,205.46.57.75
897,Astra,Yakushkin,ayakushkinow@si.edu,Female,134.101.34.85
898,Elston,Raith,eraithox@nbcnews.com,Male,219.230.242.58
899,Alisun,Agney,aagneyoy@discovery.com,Female,201.251.141.115
900,Heindrick,Mains,hmainsoz@home.pl,Male,1.240.19.228
901,Theodoric,Curling,tcurlingp0@trellian.com,Male,52.119.152.120
902,Dick,Pavitt,dpavittp1@vimeo.com,Male,27.234.110.121
903,Winnah,Dronsfield,wdronsfieldp2@360.cn,Female,0.58.144.23
904,Clea,Tresvina,ctresvinap3@sakura.ne.jp,Female,231.192.246.118
905,Katey,Greatbatch,kgreatbatchp4@bing.com,Female,61.61.125.186
906,Gisela,Khristoforov,gkhristoforovp5@arizona.edu,Female,216.227.86.121
907,Emelen,Michele,emichelep6@uol.com.br,Male,101.17.99.106
908,Hube,de Courcey,hdecourceyp7@hc360.com,Male,163.223.37.64
909,Trey,Cavalier,tcavalierp8@diigo.com,Male,150.110.133.172
910,Zebedee,Dalgarnocht,zdalgarnochtp9@sfgate.com,Male,246.10.113.16
911,Bekki,Checcuzzi,bcheccuzzipa@amazon.co.jp,Female,205.98.173.122
912,Elana,Luigi,eluigipb@twitter.com,Female,30.148.255.112
913,Candi,Goady,cgoadypc@jimdo.com,Female,180.111.206.121
914,Maryjane,Oakenford,moakenfordpd@unesco.org,Female,233.104.236.94
915,Griswold,Jonsson,gjonssonpe@g.co,Male,140.163.66.26
916,Erl,Latek,elatekpf@europa.eu,Male,244.240.2.109
917,Laura,McFadzean,lmcfadzeanpg@icq.com,Female,207.187.84.158
918,Garvey,Kendle,gkendleph@netvibes.com,Male,223.164.235.52
919,Mickie,Vanshin,mvanshinpi@mapquest.com,Male,29.170.193.201
920,Merilyn,Amberson,mambersonpj@techcrunch.com,Female,166.75.171.120
921,Ibrahim,Porte,iportepk@dmoz.org,Male,163.111.71.111
922,Celie,Ecclestone,cecclestonepl@tinyurl.com,Female,87.49.1.169
923,Raff,Scullard,rscullardpm@reuters.com,Male,14.74.234.180
924,Harri,Rawlingson,hrawlingsonpn@ft.com,Female,26.179.131.233
925,Nikki,Gallon,ngallonpo@arizona.edu,Male,198.222.125.46
926,Sophia,Blowne,sblownepp@wufoo.com,Female,242.30.18.239
927,Doralynne,Hassekl,dhasseklpq@blinklist.com,Female,0.15.209.192
928,Corella,Slyme,cslymepr@odnoklassniki.ru,Female,118.26.188.187
929,Lalo,Krzysztofiak,lkrzysztofiakps@prlog.org,Male,142.46.246.247
930,Vin,Vallentin,vvallentinpt@mozilla.com,Female,49.163.21.13
931,Beltran,Greenrde,bgreenrdepu@dagondesign.com,Male,184.104.193.29
932,Olin,Kehri,okehripv@over-blog.com,Male,215.225.141.51
933,Brion,Husher,bhusherpw@blog.com,Male,94.219.242.118
934,Gelya,Kennewell,gkennewellpx@t.co,Female,127.224.231.220
935,Prentiss,Brannon,pbrannonpy@microsoft.com,Male,124.111.189.161
936,Josy,Downing,jdowningpz@biglobe.ne.jp,Female,193.234.3.54
937,Sheffy,Mountlow,smountlowq0@washingtonpost.com,Male,128.171.159.100
938,Nicol,Welbrock,nwelbrockq1@typepad.com,Female,63.126.210.155
939,Maryellen,Shickle,mshickleq2@oakley.com,Female,250.144.78.156
940,Quincey,Toghill,qtoghillq3@1688.com,Male,90.7.36.73
941,Corliss,Burroughes,cburroughesq4@dedecms.com,Female,38.125.157.155
942,Hyacinthia,Kraft,hkraftq5@nationalgeographic.com,Female,97.42.30.129
943,Annmaria,Scoines,ascoinesq6@goo.ne.jp,Female,232.232.87.183
944,Delmore,Lesmonde,dlesmondeq7@opera.com,Male,170.239.144.5
945,Bronson,Muckle,bmuckleq8@squarespace.com,Male,164.25.8.115
946,Julianne,Thurby,jthurbyq9@reverbnation.com,Female,41.26.174.84
947,Mason,Rotge,mrotgeqa@reuters.com,Male,154.14.142.91
948,Shay,Heyworth,sheyworthqb@nsw.gov.au,Male,19.126.212.169
949,Casi,Coldbreath,ccoldbreathqc@chicagotribune.com,Female,126.112.81.195
950,Raff,Capaldi,rcapaldiqd@xrea.com,Male,220.14.122.190
951,Cammy,Creech,ccreechqe@google.com,Female,193.77.121.175
952,Hamnet,Keary,hkearyqf@blog.com,Male,60.189.80.125
953,Dick,Killimister,dkillimisterqg@jigsy.com,Male,162.78.242.116
954,Yoko,Addington,yaddingtonqh@walmart.com,Female,21.185.233.97
955,Owen,Crowson,ocrowsonqi@cmu.edu,Male,220.104.40.136
956,Zitella,Kingsford,zkingsfordqj@msn.com,Female,152.243.249.162
957,Egor,Karlsson,ekarlssonqk@istockphoto.com,Male,110.185.18.167
958,Augy,Lewington,alewingtonql@apple.com,Male,134.225.49.123
959,Nester,Hellyar,nhellyarqm@theglobeandmail.com,Male,13.177.137.104
960,Cedric,Pasby,cpasbyqn@squidoo.com,Male,176.186.175.141
961,Corrina,Job,cjobqo@japanpost.jp,Female,136.43.190.105
962,Dom,Malshinger,dmalshingerqp@mlb.com,Male,187.102.201.160
963,Gretna,Monks,gmonksqq@ca.gov,Female,165.161.102.230
964,Katharyn,Ingliby,kinglibyqr@csmonitor.com,Female,152.30.51.172
965,Revkah,Lergan,rlerganqs@hc360.com,Female,65.247.45.160
966,Ericha,Raftery,erafteryqt@wufoo.com,Female,83.222.69.214
967,Alwyn,Cockhill,acockhillqu@barnesandnoble.com,Male,38.23.19.12
968,Timoteo,Grimston,tgrimstonqv@un.org,Male,1.42.103.124
969,Gustavo,Bloys,gbloysqw@dropbox.com,Male,107.198.195.105
970,Elfie,Fewings,efewingsqx@behance.net,Female,45.56.173.91
971,Cortney,Artiss,cartissqy@joomla.org,Female,44.126.252.188
972,Lazaro,Liveley,lliveleyqz@xrea.com,Male,1.240.15.244
973,Zorah,Miko,zmikor0@sogou.com,Female,27.205.136.118
974,Kimmi,Husk,khuskr1@mozilla.com,Female,126.23.64.166
975,Carolan,Breming,cbremingr2@businessweek.com,Female,29.94.53.108
976,Pearl,Feaviour,pfeaviourr3@tumblr.com,Female,223.81.70.35
977,Matty,Hedaux,mhedauxr4@themeforest.net,Male,231.2.40.84
978,Patten,Tomasicchio,ptomasicchior5@twitter.com,Male,180.70.211.3
979,Tuckie,Kaley,tkaleyr6@ustream.tv,Male,152.255.143.219
980,Sanderson,Krystek,skrystekr7@gravatar.com,Male,74.102.124.114
981,Kimberli,Haywood,khaywoodr8@tamu.edu,Female,237.144.114.207
982,Chen,Lifton,cliftonr9@berkeley.edu,Male,27.227.132.180
983,Neal,Severy,nseveryra@wix.com,Male,64.251.234.97
984,Obediah,Dugmore,odugmorerb@ucsd.edu,Male,52.50.101.67
985,Hadrian,Podmore,hpodmorerc@comcast.net,Male,158.172.63.185
986,Alair,Guerreiro,aguerreirord@hp.com,Male,71.148.209.193
987,Anitra,Bance,abancere@rakuten.co.jp,Female,25.91.89.121
988,Delmor,Woonton,dwoontonrf@liveinternet.ru,Male,248.60.87.211
989,Veriee,Borrows,vborrowsrg@typepad.com,Female,137.212.13.202
990,Corabella,Dimblebee,cdimblebeerh@oaic.gov.au,Female,210.81.45.148
991,Nap,Dunniom,ndunniomri@jimdo.com,Male,183.101.241.195
992,Shadow,Burgan,sburganrj@amazon.co.uk,Male,151.190.194.53
993,Eldon,Umfrey,eumfreyrk@google.it,Male,93.219.5.241
994,Shepard,Swetenham,sswetenhamrl@umn.edu,Male,98.20.97.162
995,Steffie,Kennifick,skennifickrm@un.org,Female,193.216.20.37
996,Griselda,Gouley,ggouleyrn@walmart.com,Female,147.241.229.11
997,Katina,Dalloway,kdallowayro@shareasale.com,Female,143.79.102.156
998,Truda,Bretelle,tbretellerp@de.vu,Female,47.89.27.152
999,Veronica,Marzelli,vmarzellirq@gnu.org,Female,115.175.80.252
1000,Vic,Albrooke,valbrookerr@bloglovin.com,Male,114.158.102.254
